feature,shap_importance
total_services,0.0008784148399237091
total_beneficiaries,0.0008784148399237081
mean_payment,0.0005438943232064285
distinct_hcpcs,0.0005438943232064262
mean_charge,0.00026149596497135807
mean_allowed,0.0002614959649713564
pay_ratio,0.00019411983571276107
allow_ratio,0.00019411983571275985
distinct_pos,0.00016659606041251026
states_seen,0.0001665960604125099
svc_per_bene,0.00012551942571576138
